{
  "$schema": "https://schema.management.azure.com/schemas/2019-04-01/deploymentTemplate.json#",
  "contentVersion": "1.0.0.0",
  "parameters": {
    "functionAppName": { "type": "string" },
    "storageAccountName": { "type": "string" },
    "location": { "type": "string", "defaultValue": "[resourceGroup().location]" }
  },
  "resources": [
    {
      "type": "Microsoft.Storage/storageAccounts",
      "apiVersion": "2022-09-01",
      "name": "[parameters('storageAccountName')]",
      "location": "[parameters('location')]",
      "sku": { "name": "Standard_LRS" },
      "kind": "StorageV2",
      "properties": {}
    },
    {
      "type": "Microsoft.Web/sites",
      "apiVersion": "2022-03-01",
      "name": "[parameters('functionAppName')]",
      "location": "[parameters('location')]",
      "kind": "functionapp",
      "properties": {
        "siteConfig": {
          "appSettings": [
            { "name": "AzureWebJobsStorage", "value": "[listKeys(resourceId('Microsoft.Storage/storageAccounts', parameters('storageAccountName')), '2022-09-01').keys[0].value]" },
            { "name": "FUNCTIONS_WORKER_RUNTIME", "value": "python" }
          ]
        },
        "httpsOnly": true
      },
      "dependsOn": [
        "[resourceId('Microsoft.Storage/storageAccounts', parameters('storageAccountName'))]"
      ]
    }
  ]
}